{"acc": 1.0624978823529412, "param": [0.8183900781059745, 14.179379432200882, 2.086760783843355, 10.650499540804955, 5.922403849444427, 0.2992507217856728, 8.567376105445344, 19.824451035440227, 2.422276892136801, 0.13478344949017945, 12.018658725715667, 23.38661769893602, 0.40668657740027964, 5.214631223452851, 64.05520441681938, 13.728221116531564, 0.053278074970823874, 51.43453577692983]}