{"acc": 1.0524997624703087, "param": [14.034029025889023, 8.329527434612608, 60.96796632162189, 77.89787714542032, 2.7360548559932645, 0.12017380347398454, 21.172470920197583, 8.159751453348248, 4.48582649074713, 0.09871490414262996, 2.931396445039417, 2.441332654305329, 0.31139424970684304, 0.9235857680169833, 0.3478678886647636, 0.20126097540475324, 0.4158628857230556, 0.44237105569164437, 0.8847894355319272, 0.49187649107601755, 0.23221729135137664]}