{"acc": 1.0524997624703087, "param": [14.677807979349934, 12.901363623872806, 50.25102368336758, 107.91150771839497, 2.3979431846360497, 0.1843882962705275, 9.117367688993856, 9.62137069716088, 2.1022670291868364, 0.8667681424140508, 2.889126629380948, 2.2552187187833588, 0.27875437022746796, 0.9807050046552782, 0.06710723280236103, 0.4966078543953983, 0.10410977766543339, 0.002695163602205577, 0.8493946638320937, 0.3103965718247366, 0.27800011203234887]}