{"acc": 1.0524997624703087, "param": [21.16742983863054, 5.094048294571868, 66.11526806460948, 107.61838842669046, 2.4271191569461616, -0.6191448597856495, 8.949108781335188, 8.492752114276179, 2.173128465072426, -0.7248269144434583, 3.351291236482228, 2.1249556143640063, -0.44140144189860997, 0.6190396347254709, 0.10933413725671806, 0.22483315175405694, 0.15772020028953299, 0.03839608275983758, 0.6181410608857987, 0.23075524800398114, 0.46633572920272354]}