{"acc": 0.0, "param": [21.678285174143575, 4.561493282542175, 71.76424135924273, 100.79817082384108, 3.630267503217774, -0.4677547789192237, 17.139765826911717, 5.284558519410315, 3.602859904562882, 0.7280806792977046, 3.984087231342513, 3.159581864195527, -0.2159065968487962, 0.9464399432824869, 0.17851534675650568, 0.2730343827314153, 0.28035886564078333, 0.4225152884105004, 0.5637545983671945, 0.7373975798451612, 0.6641450115193299, 0.2689496311216919, 16.76671133561797, 14.62714561539186]}