{"acc": 1.0639238721804511, "param": [0.0015670647868172955, 6.61761568730021, 5.5845513216794, 17.11548727819446, 21.76504363443491, 0.33452431270255584, 21.88346286075039, 9.193497780978161, 3.8363151158435125, 0.12400200605223649, 7.016802488646559, 21.13277815661587, 0.989303090620377, 5.826524041472872, 74.362107140738, 6.023268911583592, 0.04321228079660204, 52.537690159500514, 0.743139132417167, 46.733579814604035, 5.484550633951476, 0.21879243693897538]}