{"acc": 1.074999069767442, "param": [0.7272260286390523, 18.00387003160997, 2.1002420079879416, 6.665148402373074, 5.250123872371164, 0.3389001855261586, 6.7582607608022505, 20.307771982806567, 2.134609588376494, 0.0011687823761985868, 18.063884172688574, 28.598043151276272, 0.3928198128907693, 5.505033731932276, 61.34314180656084, 6.113085474847783, 0.9754976040022505, 56.67614988094437, 0.09864090725804009, 20.15538774485999, 4.016661131295658, 0.014239166217713749]}