{"acc": 1.0809962997224791, "param": [0.985371343651275, 14.402991957919483, 2.026748862651607, 7.21849320400424, 5.065869926215212, 0.26294059463021424, 14.754562752941116, 18.481179533236435, 2.88644224018062, 0.0008405390163265605, 13.768115538357783, 26.043895651292456, 0.4360540955146328, 6.108080608598461, 62.48830293089161, 8.436877421048663, 0.9802125056789281, 59.98746956826336, 0.01344896538593677, 49.88187801831231, 3.2810612225111813, 0.010490026433686888]}