{"acc": 1.0819990757855822, "param": [0.44234936323463314, 11.78976709249448, 6.394418853387159, 21.730660001232316, 17.756574176527316, 0.3815555326317023, 17.458897950843998, 15.388927478838603, 3.8055291993210005, 0.18990362279569187, 9.290434472111, 22.102545013416993, 0.9471804594477162, 6.9370276937959074, 61.84225307318091, 6.002266602495046, 0.5209629654285808, 43.67795271880584, 0.5462548903370019, 43.84177620133894, 6.615071757038839, 0.4883584857998763]}