{"acc": 1.0594469089193017, "param": [0.166012348540958, 11.244338152657932, 2.4110102021790727, 11.023800356192798, 9.086799841548132, 0.33032601369377085, 10.355034871159829, 6.958862964172662, 2.4559957876424074, 0.19354866298444268, 9.85226077681812, 17.311488863687558, 0.29960076522107043, 5.485543843338813, 72.81863153505662, 10.617018653656746, 0.2749327286383297, 54.77586988530618, 0.7123752764127076, 22.785941040914846, 4.259388733851721, 0.9392939631737771]}