{"acc": 1.0214977973568282, "param": [0.5, 14.0, 8.5, 30.940156765175995, 3.0, 0.0, 14.212323250184689, 21.109418724818948, 6.577646248852195, 0.25, 6.966398372780013, 48.26339808966131, 1.0, 33.96723732050727, 44.4157187837823, 17.435949409039903, 1.0, 46.400963647518736, 0.5, 10.735358800876911, 3.5005056040378735, 0.5, 1.0, 24.5, 13.587586909363706, 11.75]}