{"acc": 1.0519990494296576, "param": [0.44526705590490223, 20.573124977120997, 4.496473473649107, 16.407698367304977, 11.522125811121665, 0.8983507428945624, 5.020111268812621, 19.60816085143286, 2.7528434665453663, 0.012119168454667772, 12.947724472824206, 17.161256287365962, 0.2127212060576713, 5.564908009431139, 64.59105831925368, 19.20398989786946, 0.2087180285622461, 40.173080350491624]}