{"acc": 0.0, "param": [9.899401098137663, 5.2880983237651495, 37.02283504031755, 52.98050983386251, 3.0550849205835426, -0.5133866850465305, 15.642495804765352, 11.996290771137378, 4.843457841449526, 0.45321167618945624, 3.267763285084458, 4.169185254185747, -0.8164841443468747, 0.22087874768138868, 0.07495159585002564, 0.2809582579812901, 0.11360665398623628, 0.9518959149912135, 0.7027527297935852, 0.7838319237689941, 0.39412994076942826, 0.25082724322555505, 99.32051775924214, 58.08197568047801]}