{"acc": 1.123, "param": [1.0, 27.25, 20.0, 4.0, 5.75, 1.0, 28.0, 8.0, 3.0, -4.0, 1.0, 33.0, 19.50296003299051, 0.0, 0.0, 44.87916117023515, 7.0, -9.61595157199052, 1.0, 12.0, 11.0, 5.0, 1.0, 7.0, 5.0, -4.0, 0.5, 27.0, 13.5, 7.0, 1.0, 15.0, 11.838474695162034, 7.0, 0.0, 29.0, 15.0, -4.73467255899362, 0.0, 10.493705126750054, 4.5, 3.875, 0.0, 13.0, 8.0, 16.0, -7.83656375965275]}