{"acc": 1.094, "param": [1.0, 36.0, 10.25, 3.0, 0.0, 4.0, 0.0, 21.5, 18.0, 3.0, -9.0, 8.0, 0.0, 25.0, 14.0, 4.0, -3.0, 1.0, 35.0, 9.0, 0.0, -3.0, 1.0, 6.0, 7.0, 2.0, 6.0, 1.0, 38.0, 12.75, -6.516480249541218, -9.0, 1.0, 50.0, 17.0, -1.0, 4.0, 1.0, 12.0, 8.0, -10.0, 7.0, 0.0, 43.00954077955275, 6.0, 2.5, 3.0698615047322053, 1.0, 21.75, 11.0, 6.0, 10.0, 0.5, 11.0, 16.0, 5.0, 9.5, 7.0]}