{"acc": 1.145, "param": [9.06743911709464, 27.438043901216297, 20.196689274809614, 74.2104379797043, 17.864229439911956, 0.5688572607678504, 29.98319455615326, 4.245543779884099, 7.0, 2.228588216848665, 0.9947407326402902, 44.30076197129273, 12.0625, -6.25]}