{"acc": 1.254, "param": [5.0, 43.36453121963942, 18.79258667583145, 35.000678691701275, 18.74920647124565, 0.4375, 18.50688722051357, 3.637096903517919, 2.1387241216284685, -8.460242232359786, 0.2475842056448518, 26.79465326371807, 2.5, -7.5568699539431, 1.0, 29.37080873895932, 7.75, 6.975769165368655, 4.521376807987845, 1.0, 6.511709778865012, 71.40410518569351, 16.630258737028058, 0.4375, 39.0, 9.649082398182774, 9.57794737928679]}