{"acc": 1.155, "param": [1.0, 8.0, 10.25, 4.5, -10.0, 9.766612557454058, 0.0, 29.0, 4.182372533817901, 2.625, 3.5519118919200032, -1.0, 1.0, 24.625, 15.0, -9.574523299161017, -1.0, 0.5, 10.0, 2.407342340548219, -6.92352576792422, -3.0, 1.0, 23.0, 2.5625, 3.0, -5.0, 0.25, 29.0, 3.625, -9.14736840919081, 9.5, 0.875, 6.5, 2.8125, 5.0, -6.25, 1.0, 30.0, 7.75, 9.0, 9.837938649822876, 0.0, 9.0, 2.422983980185194, -1.25, 0.14848181903633773, 0.6240191803687818, 3.18747853818443, 3.6479797395160265, 8.0, 10.0, 0.25, 19.227581470771725, 9.0, 11.0, -1.0, -9.0], "time": 12538.391663312912, "n_threads": 5, "n_vars": 58}