{"acc": 1.149, "param": [1.0, 11.33012962081424, 5.0, 3.0, -10.0, 9.523270864365884, 0.0, 8.37057332077119, 12.0, 6.0, -4.0, 9.0, 0.0, 19.0, 11.0, 7.0, 4.0, 1.0, 28.0, 3.249875863390128, -4.0, -4.0, 1.0, 6.0, 10.0, -4.0, 7.0, 0.0, 23.0, 5.0, -6.5, 6.0, 1.0, 12.81153708229246, 10.0, 5.0, -4.167032402691989, 0.0, 27.0, 7.0, 4.0, 8.285551474535538, 0.5, 28.0, 2.0, -4.821635222416546, 1.0, 0.0, 5.044431774475852, 7.0, -1.0, 2.4375, 0.0, 22.0, 12.875, 18.5, 2.0, 3.0], "time": 4109.930771589279, "n_threads": 5, "n_vars": 58}